{
  "settings": {
    "model": "meta-llama/Llama-3.1-8B-Instruct",
    "draft": "lmsys/sglang-EAGLE3-LLaMA3.1-Instruct-8B",
    "data": "/workspace/sglang/tile_spec/question.jsonl",
    "output": "/workspace/sglang/tile_spec/results_llama-31-8b-instruct_sglang-eagle3-llama31-instruct-8b.json",
    "categories": [
      "mt_conv"
    ],
    "batch_sizes": [
      8
    ],
    "configs": [
      "AR",
      "Eagle3",
      "Eagle3+TileSpec"
    ],
    "port": 30000,
    "no_cache": false
  },
  "results": {
    "mt_conv": {
      "8": {
        "AR": {
          "tokens": 18354,
          "time": 45.327473508019466,
          "throughput": 404.91998736158894,
          "accept_len": 1.0,
          "speedup": 1.0
        },
        "Eagle3": {
          "tokens": 18357,
          "time": 29.86602412298089,
          "throughput": 614.6449197392469,
          "accept_len": 2.671663513316839,
          "speedup": 1.5179416648316153
        },
        "Eagle3+TileSpec": {
          "tokens": 18356,
          "time": 30.105669247044716,
          "throughput": 609.7190482421145,
          "accept_len": 2.6715179740940185,
          "speedup": 1.5057766158074146
        }
      }
    }
  }
}