{
  "settings": {
    "model": "meta-llama/Llama-3.1-8B-Instruct",
    "draft": "lmsys/sglang-EAGLE3-LLaMA3.1-Instruct-8B",
    "data": "/workspace/sglang/tile_spec/question.jsonl",
    "output": "/workspace/sglang/tile_spec/results_llama-31-8b-instruct_sglang-eagle3-llama31-instruct-8b.json",
    "categories": [
      "mt_conv"
    ],
    "batch_sizes": [
      8
    ],
    "configs": [
      "AR",
      "Eagle3",
      "Eagle3+TileSpec"
    ],
    "port": 30000,
    "no_cache": false
  },
  "results": {
    "mt_conv": {
      "8": {
        "AR": {
          "tokens": 18349,
          "time": 45.93647083098767,
          "throughput": 399.44296259742686,
          "accept_len": 1.0,
          "speedup": 1.0
        },
        "Eagle3": {
          "tokens": 18356,
          "time": 29.426572683965787,
          "throughput": 623.7899396963065,
          "accept_len": 2.6633778293673824,
          "speedup": 1.561649592322358
        },
        "Eagle3+TileSpec": {
          "tokens": 18356,
          "time": 30.534208812983707,
          "throughput": 601.1618022404658,
          "accept_len": 2.669187145557656,
          "speedup": 1.5050003593287449
        }
      }
    }
  }
}